James Butt,delivery,6649 N Blue Gum St,70116,504-621-8927,jbutt@gmail.com,1978-01-06,FALSE,sales
Josephine Darakjy,engineeringIntegration,4 B Blue Ridge Blvd,48116,810-292-9388,josephine_darakjy@darakjy.org,1967-05-12,TRUE,engineering
Art Venere,frontendIOS,8 W Cerritos Ave #54,8014,856-636-8749,art@venere.org,1968-06-14,TRUE,delivery
Lenna Paprocki,backendAPI,639 Main St,99501,907-385-4412,lpaprocki@hotmail.com,1956-09-19,FALSE,engineeringFrontend
Donette Foller,backendAPI,34 Center St,45011,513-570-1893,donette.foller@cox.net,1954-11-22,FALSE,frontendWeb
Simona Morasca,sales,3 Mcauley Dr,44805,419-503-2484,simona@morasca.com,1963-02-27,FALSE,frontendIOS
Mitsue Tollner,engineering,7 Eads St,60632,773-573-6914,mitsue_tollner@yahoo.com,1975-07-28,FALSE,engineeringBackend
Leota Dilliard,backendDB,7 W Jackson Blvd,95111,408-752-3500,leota@hotmail.com,1988-06-18,FALSE,engineeringIntegration
Sage Wieser,engineeringBackend,5 Boston Ave #88,57105,605-414-2147,sage_wieser@cox.net,1983-07-22,FALSE,backendDB
Kris Marrier,frontendIOS,228 Runamuck Pl #2808,21224,410-655-8723,kris@gmail.com,1961-07-08,TRUE,backendAPI
Minna Amigon,delivery,2371 Jerrold Ave,19443,215-874-1229,minna_amigon@yahoo.com,1985-09-17,FALSE,
Abel Maclead,sales,37275 St  Rt 17m M,11953,631-335-3414,amaclead@gmail.com,1962-04-20,TRUE,
Kiley Caldarera,backendAPI,25 E 75th St #69,90034,310-498-5651,kiley.caldarera@aol.com,1984-08-09,FALSE,
Graciela Ruta,engineering,98 Connecticut Ave Nw,44023,440-780-8425,gruta@cox.net,1989-03-03,FALSE,
Cammy Albares,sales,56 E Morehead St,78045,956-537-6195,calbares@gmail.com,1979-12-13,FALSE,
Mattie Poquette,delivery,73 State Road 434 E,85013,602-277-4385,mattie@aol.com,1969-03-02,FALSE,
Meaghan Garufi,engineeringIntegration,69734 E Carrillo St,37110,931-313-9635,meaghan@hotmail.com,1966-11-01,TRUE,
Gladys Rim,engineeringBackend,322 New Horizon Blvd,53207,414-661-9598,gladys.rim@rim.org,1983-04-27,TRUE,
Yuki Whobrey,backendAPI,1 State Route 27,48180,313-288-7937,yuki_whobrey@aol.com,1978-02-20,TRUE,
Fletcher Flosi,engineeringFrontend,394 Manchester Blvd,61109,815-828-2147,fletcher.flosi@yahoo.com,1961-03-26,FALSE,
Bette Nicka,backendDB,6 S 33rd St,19014,610-545-3615,bette_nicka@cox.net,1967-05-29,TRUE,
Veronika Inouye,engineeringFrontend,6 Greenleaf Ave,95111,408-540-1785,vinouye@aol.com,1968-01-12,FALSE,
Willard Kolmetz,sales,618 W Yakima Ave,75062,972-303-9197,willard@hotmail.com,1974-03-25,FALSE,
Maryann Royster,sales,74 S Westgate St,12204,518-966-7987,mroyster@royster.com,1962-02-06,FALSE,
Alisha Slusarski,delivery,3273 State St,8846,732-658-3154,alisha@slusarski.com,1973-11-14,TRUE,
Allene Iturbide,sales,1 Central Ave,54481,715-662-6764,allene_iturbide@cox.net,1975-09-09,FALSE,
Chanel Caudy,sales,86 Nw 66th St #8673,66218,913-388-2079,chanel.caudy@caudy.org,1969-03-03,TRUE,
Ezekiel Chui,backendDB,2 Cedar Ave #84,21601,410-669-1642,ezekiel@chui.com,1977-01-12,TRUE,
Willow Kusko,frontendIOS,90991 Thorburn Ave,10011,212-582-4976,wkusko@yahoo.com,1981-07-27,FALSE,
Bernardo Figeroa,frontendIOS,386 9th Ave N,77301,936-336-3951,bfigeroa@aol.com,1959-11-10,FALSE,
Ammie Corrio,frontendWeb,74874 Atlantic Ave,43215,614-801-9788,ammie@corrio.com,1965-08-30,TRUE,
Francine Vocelka,backendAPI,366 South Dr,88011,505-977-3911,francine_vocelka@vocelka.com,1982-02-06,FALSE,
Ernie Stenseth,backendAPI,45 E Liberty St,7660,201-709-6245,ernie_stenseth@aol.com,1968-04-19,FALSE,
Albina Glick,delivery,4 Ralph Ct,8812,732-924-7882,albina@glick.com,1986-01-20,FALSE,
Alishia Sergi,engineering,2742 Distribution Way,10025,212-860-1579,asergi@gmail.com,1975-07-09,FALSE,
Solange Shinko,delivery,426 Wolf St,70002,504-979-9175,solange@shinko.com,1963-11-25,FALSE,
Jose Stockham,delivery,128 Bransten Rd,10011,212-675-8570,jose@yahoo.com,1986-10-15,FALSE,
Rozella Ostrosky,engineeringFrontend,17 Morena Blvd,93012,805-832-6163,rozella.ostrosky@ostrosky.com,1983-01-10,FALSE,
Valentine Gillian,sales,775 W 17th St,78204,210-812-9597,valentine_gillian@gmail.com,1974-10-15,TRUE,
Kati Rulapaugh,engineeringBackend,6980 Dorsett Rd,67410,785-463-7829,kati.rulapaugh@hotmail.com,1989-08-30,FALSE,
Youlanda Schemmer,engineering,2881 Lewis Rd,97754,541-548-8197,youlanda@aol.com,1955-06-11,FALSE,
Dyan Oldroyd,backendAPI,7219 Woodfield Rd,66204,913-413-4604,doldroyd@aol.com,1964-11-09,FALSE,
Roxane Campain,sales,1048 Main St,99708,907-231-4722,roxane@hotmail.com,1975-11-30,FALSE,
Lavera Perin,engineeringFrontend,678 3rd Ave,33196,305-606-7291,lperin@perin.org,1988-08-15,FALSE,
Erick Ferencz,delivery,20 S Babcock St,99712,907-741-1044,erick.ferencz@aol.com,1982-05-05,FALSE,
Fatima Saylors,backendDB,2 Lighthouse Ave,55343,952-768-2416,fsaylors@saylors.org,1983-07-19,FALSE,
Jina Briddick,backendAPI,38938 Park Blvd,2128,617-399-5124,jina_briddick@briddick.com,1956-05-24,FALSE,
Kanisha Waycott,engineeringFrontend,5 Tomahawk Dr,90006,323-453-2780,kanisha_waycott@yahoo.com,1986-08-23,TRUE,
Emerson Bowley,delivery,762 S Main St,53711,608-336-7444,emerson.bowley@bowley.org,1971-04-25,FALSE,
Blair Malet,engineeringBackend,209 Decker Dr,19132,215-907-9111,bmalet@yahoo.com,1985-06-20,FALSE,
Brock Bolognia,engineeringFrontend,4486 W O St #1,10003,212-402-9216,bbolognia@yahoo.com,1968-11-30,TRUE,
Lorrie Nestle,engineeringBackend,39 S 7th St,37388,931-875-6644,lnestle@hotmail.com,1956-08-02,TRUE,
Sabra Uyetake,engineeringIntegration,98839 Hawthorne Blvd #6101,29201,803-925-5213,sabra@uyetake.org,1962-08-09,FALSE,
Marjory Mastella,backendDB,71 San Mateo Ave,19087,610-814-5533,mmastella@mastella.com,1979-08-07,TRUE,
Karl Klonowski,frontendWeb,76 Brooks St #9,8822,908-877-6135,karl_klonowski@yahoo.com,1979-08-07,TRUE,
Tonette Wenner,engineeringBackend,4545 Courthouse Rd,11590,516-968-6051,twenner@aol.com,1960-09-07,FALSE,
Amber Monarrez,engineeringBackend,14288 Foster Ave #4121,19046,215-934-8655,amber_monarrez@monarrez.org,1990-01-10,FALSE,
Shenika Seewald,backendDB,4 Otis St,91405,818-423-4007,shenika@gmail.com,1977-11-01,FALSE,
Delmy Ahle,backendDB,65895 S 16th St,2909,401-458-2547,delmy.ahle@hotmail.com,1981-04-17,FALSE,
Deeanna Juhas,backendAPI,14302 Pennsylvania Ave,19006,215-211-9589,deeanna_juhas@gmail.com,1967-06-22,FALSE,
Blondell Pugh,backendAPI,201 Hawk Ct,2904,401-960-8259,bpugh@aol.com,1961-04-07,FALSE,
Jamal Vanausdal,frontendWeb,53075 Sw 152nd Ter #615,8831,732-234-1546,jamal@vanausdal.org,1964-12-26,FALSE,
Cecily Hollack,frontendWeb,59 N Groesbeck Hwy,78731,512-486-3817,cecily@hollack.org,1989-02-15,FALSE,
Carmelina Lindall,engineering,2664 Lewis Rd,80126,303-724-7371,carmelina_lindall@lindall.com,1952-11-07,FALSE,
Maurine Yglesias,engineeringFrontend,59 Shady Ln #53,53214,414-748-1374,maurine_yglesias@yglesias.com,1980-07-14,TRUE,
Tawna Buvens,frontendWeb,3305 Nabell Ave #679,10009,212-674-9610,tawna@gmail.com,1984-11-27,TRUE,
Penney Weight,engineeringFrontend,18 Fountain St,99515,907-797-9628,penney_weight@aol.com,1980-07-07,FALSE,
Elly Morocco,engineeringBackend,7 W 32nd St,16502,814-393-5571,elly_morocco@gmail.com,1959-04-24,FALSE,
Ilene Eroman,engineeringBackend,2853 S Central Expy,21061,410-914-9018,ilene.eroman@hotmail.com,1958-06-23,FALSE,
Vallie Mondella,backendAPI,74 W College St,83707,208-862-5339,vmondella@mondella.com,1982-05-18,TRUE,
Kallie Blackwood,backendAPI,701 S Harrison Rd,94104,415-315-2761,kallie.blackwood@gmail.com,1965-01-24,FALSE,
Johnetta Abdallah,engineering,1088 Pinehurst St,27514,919-225-9345,johnetta_abdallah@aol.com,1956-10-25,TRUE,
Bobbye Rhym,sales,30 W 80th St #1995,94070,650-528-5783,brhym@rhym.com,1983-08-23,FALSE,
Micaela Rhymes,backendAPI,20932 Hedley St,94520,925-647-3298,micaela_rhymes@gmail.com,1977-09-17,TRUE,
Tamar Hoogland,engineeringFrontend,2737 Pistorio Rd #9230,43140,740-343-8575,tamar@hotmail.com,1958-02-12,FALSE,
Moon Parlato,engineeringIntegration,74989 Brandon St,14895,585-866-8313,moon@yahoo.com,1954-11-08,FALSE,
Laurel Reitler,frontendIOS,6 Kains Ave,21215,410-520-4832,laurel_reitler@reitler.com,1984-10-18,FALSE,
Delisa Crupi,delivery,47565 W Grand Ave,7105,973-354-2040,delisa.crupi@crupi.com,1964-06-06,FALSE,
Viva Toelkes,delivery,4284 Dorigo Ln,60647,773-446-5569,viva.toelkes@gmail.com,1965-12-10,FALSE,
Elza Lipke,engineeringBackend,6794 Lake Dr E,7104,973-927-3447,elza@yahoo.com,1988-05-29,FALSE,
Devorah Chickering,delivery,31 Douglas Blvd #950,88101,505-975-8559,devorah@hotmail.com,1980-01-18,FALSE,
Timothy Mulqueen,frontendWeb,44 W 4th St,10309,718-332-6527,timothy_mulqueen@mulqueen.org,1984-10-30,FALSE,
Arlette Honeywell,backendAPI,11279 Loytan St,32254,904-775-4480,ahoneywell@honeywell.com,1982-05-12,FALSE,
Dominque Dickerson,engineeringBackend,69 Marquette Ave,94545,510-993-3758,dominque.dickerson@dickerson.org,1968-04-25,TRUE,
Lettie Isenhower,sales,70 W Main St,44122,216-657-7668,lettie_isenhower@yahoo.com,1969-10-30,TRUE,
Myra Munns,frontendWeb,461 Prospect Pl #316,76040,817-914-7518,mmunns@cox.net,1952-02-01,TRUE,
Stephaine Barfield,engineeringBackend,47154 Whipple Ave Nw,90247,310-774-7643,stephaine@barfield.com,1985-12-14,FALSE,
Lai Gato,backendDB,37 Alabama Ave,60201,847-728-7286,lai.gato@gato.org,1963-06-07,FALSE,
Stephen Emigh,frontendWeb,3777 E Richmond St #900,44302,330-537-5358,stephen_emigh@hotmail.com,1967-12-19,FALSE,
Tyra Shields,frontendWeb,3 Fort Worth Ave,19106,215-255-1641,tshields@gmail.com,1980-01-10,FALSE,
Tammara Wardrip,engineeringBackend,4800 Black Horse Pike,94010,650-803-1936,twardrip@cox.net,1985-10-09,FALSE,
Cory Gibes,backendAPI,83649 W Belmont Ave,91776,626-572-1096,cory.gibes@gmail.com,1972-09-24,FALSE,
Danica Bruschke,backendDB,840 15th Ave,76708,254-782-8569,danica_bruschke@gmail.com,1962-02-27,FALSE,
Wilda Giguere,delivery,1747 Calle Amanecer #2,99501,907-870-5536,wilda@cox.net,1972-09-13,TRUE,
Elvera Benimadho,engineering,99385 Charity St #840,95110,408-703-8505,elvera.benimadho@cox.net,1969-11-19,FALSE,
Carma Vanheusen,sales,68556 Central Hwy,94577,510-503-7169,carma@cox.net,1985-09-02,FALSE,
Malinda Hochard,engineering,55 Riverside Ave,46202,317-722-5066,malinda.hochard@yahoo.com,1979-07-16,FALSE,
Natalie Fern,engineeringBackend,7140 University Ave,82901,307-704-8713,natalie.fern@hotmail.com,1990-02-07,FALSE,
Lisha Centini,engineering,64 5th Ave #1153,22102,703-235-3937,lisha@centini.org,1950-09-13,FALSE,
Arlene Klusman,frontendIOS,3 Secor Rd,70112,504-710-5840,arlene_klusman@gmail.com,1981-06-23,FALSE,
Alease Buemi,engineering,4 Webbs Chapel Rd,80303,303-301-4946,alease@buemi.com,1975-06-01,TRUE,
Louisa Cronauer,engineering,524 Louisiana Ave Nw,94577,510-828-7047,louisa@cronauer.com,1954-05-12,FALSE,
Angella Cetta,delivery,185 Blackstone Bldge,96817,808-892-7943,angella.cetta@hotmail.com,1963-09-06,TRUE,
Cyndy Goldammer,engineeringIntegration,170 Wyoming Ave,55337,952-334-9408,cgoldammer@cox.net,1980-03-05,FALSE,
Rosio Cork,backendDB,4 10th St W,27263,336-243-5659,rosio.cork@gmail.com,1987-11-23,FALSE,
Celeste Korando,backendAPI,7 W Pinhook Rd,11563,516-509-2347,ckorando@hotmail.com,1965-04-03,FALSE,
Twana Felger,delivery,1 Commerce Way,97224,503-939-3153,twana.felger@felger.org,1968-03-24,FALSE,
Estrella Samu,frontendIOS,64 Lakeview Ave,53511,608-976-7199,estrella@aol.com,1984-08-10,FALSE,
Donte Kines,engineeringIntegration,3 Aspen St,1602,508-429-8576,dkines@hotmail.com,1985-09-15,FALSE,
Tiffiny Steffensmeier,delivery,32860 Sierra Rd,33133,305-385-9695,tiffiny_steffensmeier@cox.net,1981-03-08,FALSE,
Edna Miceli,engineeringBackend,555 Main St,16502,814-460-2655,emiceli@miceli.org,1985-08-16,FALSE,
Sue Kownacki,engineeringIntegration,2 Se 3rd Ave,75149,972-666-3413,sue@aol.com,1985-10-01,FALSE,
Jesusa Shin,engineeringFrontend,2239 Shawnee Mission Pky,37388,931-273-8709,jshin@shin.com,1985-11-05,FALSE,
Rolland Francescon,engineeringBackend,2726 Charcot Ave,7501,973-649-2922,rolland@cox.net,1980-08-04,FALSE,
Pamella Schmierer,engineering,5161 Dorsett Rd,33030,305-420-8970,pamella.schmierer@schmierer.org,1985-07-25,TRUE,
Glory Kulzer,engineeringIntegration,55892 Jacksonville Rd,21117,410-224-9462,gkulzer@kulzer.org,1967-12-25,FALSE,
Shawna Palaspas,engineeringBackend,5 N Cleveland Massillon Rd,91362,805-275-3566,shawna_palaspas@palaspas.org,1987-12-11,FALSE,
Brandon Callaro,engineeringIntegration,7 Benton Dr,96819,808-215-6832,brandon_callaro@hotmail.com,1969-09-28,FALSE,
Scarlet Cartan,engineeringFrontend,9390 S Howell Ave,31701,229-735-3378,scarlet.cartan@yahoo.com,1955-07-04,FALSE,
Oretha Menter,sales,8 County Center Dr #647,2210,617-418-5043,oretha_menter@yahoo.com,1961-08-17,FALSE,
Ty Smith,engineeringFrontend,4646 Kaahumanu St,7601,201-672-1553,tsmith@aol.com,1974-06-07,TRUE,
Xuan Rochin,engineeringIntegration,2 Monroe St,94403,650-933-5072,xuan@gmail.com,1958-10-08,FALSE,
Lindsey Dilello,engineeringIntegration,52777 Leaders Heights Rd,91761,909-639-9887,lindsey.dilello@hotmail.com,1959-12-21,FALSE,
Devora Perez,backendAPI,72868 Blackington Ave,94606,510-955-3016,devora_perez@perez.org,1972-04-23,FALSE,
Herman Demesa,frontendWeb,9 Norristown Rd,12180,518-497-2940,hdemesa@cox.net,1950-10-03,FALSE,
Rory Papasergi,delivery,83 County Road 437 #8581,18411,570-867-7489,rpapasergi@cox.net,1964-11-10,FALSE,
Talia Riopelle,backendAPI,1 N Harlem Ave #9,7050,973-245-2133,talia_riopelle@aol.com,1975-08-15,TRUE,
Van Shire,sales,90131 J St,8867,908-409-2890,van.shire@shire.com,1987-04-01,FALSE,
Lucina Lary,engineering,8597 W National Ave,32922,321-749-4981,lucina_lary@cox.net,1981-09-01,FALSE,
Bok Isaacs,engineeringIntegration,6 Gilson St,10468,718-809-3762,bok.isaacs@aol.com,1954-09-30,FALSE,
Rolande Spickerman,engineeringIntegration,65 W Maple Ave,96782,808-315-3077,rolande.spickerman@spickerman.com,1981-11-13,TRUE,
Howard Paulas,engineeringBackend,866 34th Ave,80231,303-623-4241,hpaulas@gmail.com,1976-11-28,TRUE,
Kimbery Madarang,engineeringBackend,798 Lund Farm Way,7866,973-310-1634,kimbery_madarang@cox.net,1964-04-10,TRUE,
Thurman Manno,frontendIOS,9387 Charcot Ave,8201,609-524-3586,thurman.manno@yahoo.com,1961-01-17,FALSE,
Becky Mirafuentes,frontendWeb,30553 Washington Rd,7062,908-877-8409,becky.mirafuentes@mirafuentes.com,1970-02-03,FALSE,
Beatriz Corrington,backendDB,481 W Lemon St,2346,508-584-4279,beatriz@yahoo.com,1985-06-13,FALSE,
Marti Maybury,engineeringIntegration,4 Warehouse Point Rd #7,60638,773-775-4522,marti.maybury@yahoo.com,1990-10-01,FALSE,
Nieves Gotter,delivery,4940 Pulaski Park Dr,97202,503-527-5274,nieves_gotter@gmail.com,1966-10-30,FALSE,
Leatha Hagele,frontendWeb,627 Walford Ave,75227,214-339-1809,lhagele@cox.net,1953-01-10,FALSE,
Valentin Klimek,backendDB,137 Pioneer Way,60604,312-303-5453,vklimek@klimek.org,1959-08-02,TRUE,
Melissa Wiklund,engineeringBackend,61 13 Stoneridge #835,45840,419-939-3613,melissa@cox.net,1987-08-06,FALSE,
Sheridan Zane,backendDB,2409 Alabama Rd,92501,951-645-3605,sheridan.zane@zane.com,1980-06-26,FALSE,
Bulah Padilla,delivery,8927 Vandever Ave,76707,254-463-4368,bulah_padilla@hotmail.com,1979-05-25,FALSE,
Audra Kohnert,engineering,134 Lewis Rd,37211,615-406-7854,audra@kohnert.com,1956-06-16,FALSE,
Daren Weirather,backendDB,9 N College Ave #3,53216,414-959-2540,dweirather@aol.com,1959-09-13,FALSE,
Fernanda Jillson,sales,60480 Old Us Highway 51,21655,410-387-5260,fjillson@aol.com,1962-04-16,FALSE,
Gearldine Gellinger,frontendIOS,4 Bloomfield Ave,75061,972-934-6914,gearldine_gellinger@gellinger.com,1962-07-18,TRUE,
Chau Kitzman,engineeringIntegration,429 Tiger Ln,90212,310-560-8022,chau@gmail.com,1960-12-16,FALSE,
Theola Frey,engineeringFrontend,54169 N Main St,11758,516-948-5768,theola_frey@frey.com,1966-09-26,FALSE,
Cheryl Haroldson,backendDB,92 Main St,8401,609-518-7697,cheryl@haroldson.org,1950-04-30,FALSE,
Laticia Merced,frontendIOS,72 Mannix Dr,45203,513-508-7371,lmerced@gmail.com,1978-09-12,FALSE,
Carissa Batman,sales,12270 Caton Center Dr,97401,541-326-4074,carissa.batman@yahoo.com,1975-08-29,FALSE,
Lezlie Craghead,backendAPI,749 W 18th St #45,27577,919-533-3762,lezlie.craghead@craghead.org,1971-07-03,FALSE,
Ozell Shealy,delivery,8 Industry Ln,10002,212-332-8435,oshealy@hotmail.com,1973-12-01,TRUE,
Arminda Parvis,engineeringIntegration,1 Huntwood Ave,85017,602-906-9419,arminda@parvis.com,1963-01-20,FALSE,
Reita Leto,engineering,55262 N French Rd,46240,317-234-1135,reita.leto@gmail.com,1957-12-07,FALSE,
Yolando Luczki,backendAPI,422 E 21st St,13214,315-304-4759,yolando@cox.net,1966-06-05,FALSE,
Lizette Stem,frontendIOS,501 N 19th Ave,8002,856-487-5412,lizette.stem@aol.com,1985-02-11,FALSE,
Gregoria Pawlowicz,frontendWeb,455 N Main Ave,11530,516-212-1915,gpawlowicz@yahoo.com,1954-12-29,TRUE,
Carin Deleo,backendDB,1844 Southern Blvd,72202,501-308-1040,cdeleo@deleo.com,1954-07-03,FALSE,
Chantell Maynerich,engineering,2023 Greg St,55101,651-591-2583,chantell@yahoo.com,1990-09-15,FALSE,
Dierdre Yum,backendAPI,63381 Jenks Ave,19134,215-325-3042,dyum@yahoo.com,1986-02-01,TRUE,
Larae Gudroe,engineeringBackend,6651 Municipal Rd,70360,985-890-7262,larae_gudroe@gmail.com,1983-01-28,FALSE,
Latrice Tolfree,engineering,81 Norris Ave #525,11779,631-957-7624,latrice.tolfree@hotmail.com,1977-08-13,TRUE,
Kerry Theodorov,engineeringBackend,6916 W Main St,95827,916-591-3277,kerry.theodorov@gmail.com,1975-03-05,FALSE,
Dorthy Hidvegi,engineeringFrontend,9635 S Main St,83704,208-649-2373,dhidvegi@yahoo.com,1972-11-04,FALSE,
Fannie Lungren,engineeringIntegration,17 Us Highway 111,78664,512-587-5746,fannie.lungren@yahoo.com,1963-11-21,FALSE,
Evangelina Radde,engineering,992 Civic Center Dr,19123,215-964-3284,evangelina@aol.com,1970-10-16,FALSE,
Novella Degroot,engineeringIntegration,303 N Radcliffe St,96720,808-477-4775,novella_degroot@degroot.org,1970-02-13,FALSE,
Clay Hoa,backendDB,73 Saint Ann St #86,89502,775-501-8109,choa@hoa.org,1975-04-25,FALSE,
Jennifer Fallick,engineering,44 58th St,60090,847-979-9545,jfallick@yahoo.com,1979-04-02,FALSE,
Irma Wolfgramm,backendAPI,9745 W Main St,7869,973-545-7355,irma.wolfgramm@hotmail.com,1986-11-02,FALSE,
Eun Coody,engineeringBackend,84 Bloomfield Ave,29301,864-256-3620,eun@yahoo.com,1966-07-18,FALSE,
Sylvia Cousey,sales,287 Youngstown Warren Rd,21074,410-209-9545,sylvia_cousey@cousey.org,1979-02-23,FALSE,
Nana Wrinkles,engineeringIntegration,6 Van Buren St,10553,914-855-2115,nana@aol.com,1963-05-02,FALSE,
Layla Springe,frontendWeb,229 N Forty Driv,10011,212-260-3151,layla.springe@cox.net,1986-06-18,FALSE,
Joesph Degonia,delivery,2887 Knowlton St #5435,94710,510-677-9785,joesph_degonia@degonia.org,1986-05-14,FALSE,
Annabelle Boord,engineeringBackend,523 Marquette Ave,1742,978-697-6263,annabelle.boord@cox.net,1975-05-24,FALSE,
Stephaine Vinning,engineering,3717 Hamann Industrial Pky,94104,415-767-6596,stephaine@cox.net,1951-02-21,FALSE,
Nelida Sawchuk,delivery,3 State Route 35 S,7652,201-971-1638,nelida@gmail.com,1982-01-22,TRUE,
Marguerita Hiatt,engineeringBackend,82 N Highway 67,94561,925-634-7158,marguerita.hiatt@gmail.com,1982-11-22,FALSE,
Carmela Cookey,backendAPI,9 Murfreesboro Rd,60623,773-494-4195,ccookey@cookey.org,1966-03-29,FALSE,
Junita Brideau,sales,6 S Broadway St,7009,973-943-3423,jbrideau@aol.com,1959-12-07,FALSE,
Claribel Varriano,engineeringFrontend,6 Harry L Dr #6327,43551,419-544-4900,claribel_varriano@cox.net,1953-01-02,TRUE,
Benton Skursky,engineeringBackend,47939 Porter Ave,90248,310-579-2907,benton.skursky@aol.com,1970-06-17,FALSE,
Hillary Skulski,engineeringBackend,9 Wales Rd Ne #914,34448,352-242-2570,hillary.skulski@aol.com,1966-07-29,FALSE,
Merilyn Bayless,engineeringBackend,195 13n N,95054,408-758-5015,merilyn_bayless@cox.net,1962-06-02,FALSE,
Teri Ennaco,frontendIOS,99 Tank Farm Rd,18201,570-889-5187,tennaco@gmail.com,1970-10-07,FALSE,
Merlyn Lawler,frontendWeb,4671 Alemany Blvd,7304,201-588-7810,merlyn_lawler@hotmail.com,1957-09-03,FALSE,
Georgene Montezuma,engineeringFrontend,98 University Dr,94583,925-615-5185,gmontezuma@cox.net,1972-01-22,FALSE,
Jettie Mconnell,engineeringIntegration,50 E Wacker Dr,8807,908-802-3564,jmconnell@hotmail.com,1985-12-27,FALSE,
Lemuel Latzke,engineering,70 Euclid Ave #722,11716,631-748-6479,lemuel.latzke@gmail.com,1971-07-27,FALSE,
Melodie Knipp,engineeringBackend,326 E Main St #6496,91362,805-690-1682,mknipp@gmail.com,1989-04-18,FALSE,
Candida Corbley,engineeringIntegration,406 Main St,8876,908-275-8357,candida_corbley@hotmail.com,1989-10-05,FALSE,
Karan Karpin,frontendIOS,3 Elmwood Dr,97005,503-940-8327,karan_karpin@gmail.com,1952-08-22,TRUE,
Andra Scheyer,delivery,9 Church St,97302,503-516-2189,andra@gmail.com,1961-03-16,FALSE,
Felicidad Poullion,delivery,9939 N 14th St,8077,856-305-9731,fpoullion@poullion.com,1963-05-03,TRUE,
Belen Strassner,engineeringBackend,5384 Southwyck Blvd,30135,770-507-8791,belen_strassner@aol.com,1955-11-10,FALSE,
Gracia Melnyk,engineeringIntegration,97 Airport Loop Dr,32216,904-235-3633,gracia@melnyk.com,1974-11-29,TRUE,
Jolanda Hanafan,engineeringIntegration,37855 Nolan Rd,4401,207-458-9196,jhanafan@gmail.com,1978-12-03,FALSE,
Barrett Toyama,backendAPI,4252 N Washington Ave #9,76060,817-765-5781,barrett.toyama@toyama.org,1960-12-01,FALSE,
Helga Fredicks,frontendIOS,42754 S Ash Ave,14228,716-752-4114,helga_fredicks@yahoo.com,1960-08-13,FALSE,
Ashlyn Pinilla,engineeringIntegration,703 Beville Rd,33054,305-670-9628,apinilla@cox.net,1962-10-23,FALSE,
Fausto Agramonte,engineeringFrontend,5 Harrison Rd,10038,212-313-1783,fausto_agramonte@yahoo.com,1950-11-21,TRUE,
Ronny Caiafa,frontendIOS,73 Southern Blvd,19103,215-605-7570,ronny.caiafa@caiafa.org,1976-04-09,FALSE,
Marge Limmel,engineering,189 Village Park Rd,32536,850-430-1663,marge@gmail.com,1968-04-04,TRUE,
Norah Waymire,engineeringFrontend,6 Middlegate Rd #106,94107,415-306-7897,norah.waymire@gmail.com,1990-06-11,FALSE,
Aliza Baltimore,backendAPI,1128 Delaware St,95132,408-504-3552,aliza@aol.com,1957-07-16,FALSE,
Mozell Pelkowski,backendDB,577 Parade St,94080,650-947-1215,mpelkowski@pelkowski.org,1988-12-11,TRUE,
Viola Bitsuie,sales,70 Mechanic St,91325,818-864-4875,viola@gmail.com,1984-11-21,FALSE,
Franklyn Emard,frontendWeb,4379 Highway 116,19103,215-558-8189,femard@emard.com,1972-05-20,TRUE,
Willodean Konopacki,engineeringFrontend,55 Hawthorne Blvd,70506,337-253-8384,willodean_konopacki@konopacki.org,1980-04-18,FALSE,
Beckie Silvestrini,engineeringIntegration,7116 Western Ave,48126,313-533-4884,beckie.silvestrini@silvestrini.com,1990-06-04,FALSE,
Rebecka Gesick,backendAPI,2026 N Plankinton Ave #3,78754,512-213-8574,rgesick@gesick.org,1989-12-23,FALSE,
Frederica Blunk,engineeringBackend,99586 Main St,75207,214-428-2285,frederica_blunk@gmail.com,1969-01-03,FALSE,
Glen Bartolet,frontendIOS,8739 Hudson St,98070,206-697-5796,glen_bartolet@hotmail.com,1976-02-13,FALSE,
Freeman Gochal,backendDB,383 Gunderman Rd #197,19320,610-476-3501,freeman_gochal@aol.com,1953-05-17,FALSE,
Vincent Meinerding,engineeringFrontend,4441 Point Term Mkt,19143,215-372-1718,vincent.meinerding@hotmail.com,1961-10-07,FALSE,
Rima Bevelacqua,engineeringIntegration,2972 Lafayette Ave,90248,310-858-5079,rima@cox.net,1990-04-03,TRUE,
Glendora Sarbacher,sales,2140 Diamond Blvd,94928,707-653-8214,gsarbacher@gmail.com,1971-11-05,TRUE,
Avery Steier,engineeringIntegration,93 Redmond Rd #492,32803,407-808-9439,avery@cox.net,1983-12-12,TRUE,
Cristy Lother,engineering,3989 Portage Tr,92025,760-971-4322,cristy@lother.com,1967-11-01,FALSE,
Nicolette Brossart,engineeringFrontend,1 Midway Rd,1581,508-837-9230,nicolette_brossart@brossart.com,1964-03-13,FALSE,
Tracey Modzelewski,delivery,77132 Coon Rapids Blvd Nw,77301,936-264-9294,tracey@hotmail.com,1971-02-04,FALSE,
Virgina Tegarden,sales,755 Harbor Way,53226,414-214-8697,virgina_tegarden@tegarden.com,1978-05-14,FALSE,
Tiera Frankel,frontendIOS,87 Sierra Rd,91731,626-636-4117,tfrankel@aol.com,1966-07-30,TRUE,
Alaine Bergesen,engineeringBackend,7667 S Hulen St #42,10701,914-300-9193,alaine_bergesen@cox.net,1955-09-06,FALSE,
Earleen Mai,engineeringBackend,75684 S Withlapopka Dr #32,75227,214-289-1973,earleen_mai@cox.net,1964-09-03,FALSE,
Leonida Gobern,engineeringBackend,5 Elmwood Park Blvd,39530,228-235-5615,leonida@gobern.org,1986-07-06,TRUE,
Ressie Auffrey,engineering,23 Palo Alto Sq,33134,305-604-8981,ressie.auffrey@yahoo.com,1977-02-04,FALSE,
Justine Mugnolo,engineeringFrontend,38062 E Main St,10048,212-304-9225,jmugnolo@yahoo.com,1977-10-23,FALSE,
Eladia Saulter,backendDB,3958 S Dupont Hwy #7,7446,201-474-4924,eladia@saulter.com,1951-06-06,FALSE,
Chaya Malvin,engineeringFrontend,560 Civic Center Dr,48103,734-928-5182,chaya@malvin.com,1963-07-27,TRUE,
Gwenn Suffield,engineeringBackend,3270 Dequindre Rd,11729,631-258-6558,gwenn_suffield@suffield.org,1973-11-03,FALSE,
Salena Karpel,frontendWeb,1 Garfield Ave #7,44707,330-791-8557,skarpel@cox.net,1975-04-01,FALSE,
Yoko Fishburne,engineeringFrontend,9122 Carpenter Ave,6511,203-506-4706,yoko@fishburne.com,1963-01-25,FALSE,
Taryn Moyd,engineeringFrontend,48 Lenox St,22030,703-322-4041,taryn.moyd@hotmail.com,1963-05-29,FALSE,
Katina Polidori,delivery,5 Little River Tpke,1887,978-626-2978,katina_polidori@aol.com,1986-07-27,FALSE,
Rickie Plumer,backendAPI,3 N Groesbeck Hwy,43613,419-693-1334,rickie.plumer@aol.com,1950-11-06,FALSE,
Alex Loader,engineering,37 N Elm St #916,98409,253-660-7821,alex@loader.com,1989-09-22,FALSE,
Lashon Vizarro,sales,433 Westminster Blvd #590,95661,916-741-7884,lashon@aol.com,1954-09-28,FALSE,
Lauran Burnard,frontendWeb,66697 Park Pl #3224,82501,307-342-7795,lburnard@burnard.com,1952-11-19,TRUE,
Ceola Setter,sales,96263 Greenwood Pl,4864,207-627-7565,ceola.setter@setter.org,1958-06-11,FALSE,
My Rantanen,backendDB,8 Mcarthur Ln,18954,215-491-5633,my@hotmail.com,1959-06-12,FALSE,
Lorrine Worlds,engineeringBackend,8 Fair Lawn Ave,33614,813-769-2939,lorrine.worlds@worlds.com,1978-07-12,TRUE,
Peggie Sturiale,delivery,9 N 14th St,92020,619-608-1763,peggie@cox.net,1975-06-22,FALSE,
Marvel Raymo,engineeringIntegration,9 Vanowen St,77840,979-718-8968,mraymo@yahoo.com,1950-10-23,FALSE,
Daron Dinos,sales,18 Waterloo Geneva Rd,60035,847-233-3075,daron_dinos@cox.net,1967-06-22,FALSE,
An Fritz,backendDB,506 S Hacienda Dr,8401,609-228-5265,an_fritz@hotmail.com,1979-02-14,FALSE,
Portia Stimmel,sales,3732 Sherman Ave,8807,908-722-7128,portia.stimmel@aol.com,1953-12-08,FALSE,
Rhea Aredondo,backendDB,25657 Live Oak St,11226,718-560-9537,rhea_aredondo@cox.net,1957-01-05,FALSE,
Benedict Sama,backendAPI,4923 Carey Ave,63104,314-787-1588,bsama@cox.net,1986-05-11,TRUE,
Alyce Arias,backendDB,3196 S Rider Trl,95207,209-317-1801,alyce@arias.org,1984-03-05,TRUE,
Heike Berganza,engineeringIntegration,3 Railway Ave #75,7424,973-936-5095,heike@gmail.com,1975-05-23,FALSE,
Carey Dopico,backendAPI,87393 E Highland Rd,46220,317-578-2453,carey_dopico@dopico.org,1960-08-25,FALSE,
Dottie Hellickson,engineering,67 E Chestnut Hill Rd,98133,206-540-6076,dottie@hellickson.org,1955-09-28,FALSE,
Deandrea Hughey,engineeringFrontend,33 Lewis Rd #46,27215,336-822-7652,deandrea@yahoo.com,1984-08-05,FALSE,
Kimberlie Duenas,delivery,8100 Jacksonville Rd #7,67601,785-629-8542,kimberlie_duenas@yahoo.com,1960-07-26,FALSE,
Martina Staback,backendDB,7 W Wabansia Ave #227,32822,407-471-6908,martina_staback@staback.com,1975-02-25,FALSE,
Skye Fillingim,engineeringFrontend,25 Minters Chapel Rd #9,55401,612-508-2655,skye_fillingim@yahoo.com,1964-01-10,FALSE,
Jade Farrar,frontendIOS,6882 Torresdale Ave,29201,803-352-5387,jade.farrar@yahoo.com,1965-08-03,FALSE,
Charlene Hamilton,sales,985 E 6th Ave,95407,707-300-1771,charlene.hamilton@hotmail.com,1951-08-24,FALSE,
Geoffrey Acey,engineeringFrontend,7 West Ave #1,60067,847-222-1734,geoffrey@gmail.com,1987-07-15,FALSE,
Stevie Westerbeck,backendDB,26659 N 13th St,92626,949-867-4077,stevie.westerbeck@yahoo.com,1961-05-01,FALSE,
Pamella Fortino,engineeringIntegration,669 Packerland Dr #1438,80212,303-404-2210,pamella@fortino.com,1986-02-19,FALSE,
Harrison Haufler,backendAPI,759 Eldora St,6515,203-801-6193,hhaufler@hotmail.com,1978-10-21,TRUE,
Johnna Engelberg,engineeringFrontend,5 S Colorado Blvd #449,98021,425-986-7573,jengelberg@engelberg.org,1962-04-21,FALSE,
Buddy Cloney,delivery,944 Gaither Dr,44136,440-989-5826,buddy.cloney@yahoo.com,1975-11-28,FALSE,
Dalene Riden,frontendIOS,66552 Malone Rd,3865,603-315-6839,dalene.riden@aol.com,1978-12-06,FALSE,
Jerry Zurcher,backendAPI,77 Massillon Rd #822,32937,321-518-5938,jzurcher@zurcher.org,1958-02-03,FALSE,
Haydee Denooyer,frontendIOS,25346 New Rd,10016,212-792-8658,hdenooyer@denooyer.org,1988-06-16,FALSE,
Joseph Cryer,delivery,60 Fillmore Ave,92647,714-584-2237,joseph_cryer@cox.net,1952-04-26,TRUE,
Deonna Kippley,backendDB,57 Haven Ave #90,48075,248-913-4677,deonna_kippley@hotmail.com,1973-08-28,TRUE,
Raymon Calvaresi,engineeringFrontend,6538 E Pomona St #60,46222,317-825-4724,raymon.calvaresi@gmail.com,1977-09-05,FALSE,
Alecia Bubash,frontendWeb,6535 Joyce St,76301,940-276-7922,alecia@aol.com,1951-02-09,FALSE,
Ma Layous,engineeringIntegration,78112 Morris Ave,6473,203-721-3388,mlayous@hotmail.com,1963-12-02,FALSE,
Detra Coyier,delivery,96950 Hidden Ln,21001,410-739-9277,detra@aol.com,1989-11-13,FALSE,
Terrilyn Rodeigues,engineeringFrontend,3718 S Main St,70130,504-463-4384,terrilyn.rodeigues@cox.net,1969-10-24,FALSE,
Salome Lacovara,frontendWeb,9677 Commerce Dr,23219,804-550-5097,slacovara@gmail.com,1966-09-10,TRUE,
Garry Keetch,engineeringFrontend,5 Green Pond Rd #4,18966,215-979-8776,garry_keetch@hotmail.com,1955-08-12,FALSE,
Matthew Neither,engineeringIntegration,636 Commerce Dr #42,55379,952-651-7597,mneither@yahoo.com,1962-02-27,TRUE,
Theodora Restrepo,frontendWeb,42744 Hamann Industrial Pky #82,33136,305-936-8226,theodora.restrepo@restrepo.com,1974-10-26,FALSE,
Noah Kalafatis,delivery,1950 5th Ave,53209,414-263-5287,noah.kalafatis@aol.com,1951-03-21,TRUE,
Carmen Sweigard,delivery,61304 N French Rd,8873,732-941-2621,csweigard@sweigard.com,1984-06-20,FALSE,
Lavonda Hengel,engineering,87 Imperial Ct #79,58102,701-898-2154,lavonda@cox.net,1967-08-12,FALSE,
Junita Stoltzman,engineering,94 W Dodge Rd,89701,775-638-9963,junita@aol.com,1989-12-21,FALSE,
Herminia Nicolozakes,backendAPI,4 58th St #3519,85254,602-954-5141,herminia@nicolozakes.org,1967-05-07,FALSE,
Casie Good,engineering,5221 Bear Valley Rd,37211,615-390-2251,casie.good@aol.com,1980-07-26,FALSE,
Reena Maisto,frontendWeb,9648 S Main,21801,410-351-1863,reena@hotmail.com,1956-03-12,FALSE,
Mirta Mallett,engineering,7 S San Marcos Rd,10004,212-870-1286,mirta_mallett@gmail.com,1963-01-30,FALSE,
Cathrine Pontoriero,backendDB,812 S Haven St,79109,806-703-1435,cathrine.pontoriero@pontoriero.com,1958-01-28,FALSE,
Filiberto Tawil,engineeringBackend,3882 W Congress St #799,90016,323-765-2528,ftawil@hotmail.com,1971-10-16,TRUE,
Raul Upthegrove,engineeringFrontend,4 E Colonial Dr,91942,619-509-5282,rupthegrove@yahoo.com,1986-07-01,FALSE,
Sarah Candlish,delivery,45 2nd Ave #9759,30328,770-732-1194,sarah.candlish@gmail.com,1966-11-25,FALSE,
Lucy Treston,engineeringIntegration,57254 Brickell Ave #372,1602,508-769-5250,lucy@cox.net,1966-10-20,FALSE,
Judy Aquas,engineeringBackend,8977 Connecticut Ave Nw #3,49120,269-756-7222,jaquas@aquas.com,1969-01-09,FALSE,
Yvonne Tjepkema,backendAPI,9 Waydell St,7004,973-714-1721,yvonne.tjepkema@hotmail.com,1978-12-22,FALSE,
Kayleigh Lace,frontendIOS,43 Huey P Long Ave,70508,337-740-9323,kayleigh.lace@yahoo.com,1990-12-13,FALSE,
Felix Hirpara,engineeringFrontend,7563 Cornwall Rd #4462,17517,717-491-5643,felix_hirpara@cox.net,1981-01-15,TRUE,
Tresa Sweely,backendDB,22 Bridle Ln,63088,314-359-9566,tresa_sweely@hotmail.com,1958-09-05,FALSE,
Kristeen Turinetti,backendDB,70099 E North Ave,76013,817-213-8851,kristeen@gmail.com,1973-04-10,FALSE,
Jenelle Regusters,delivery,3211 E Northeast Loop,33619,813-932-8715,jregusters@regusters.com,1956-06-25,FALSE,
Renea Monterrubio,engineeringIntegration,26 Montgomery St,30328,770-679-4752,renea@hotmail.com,1956-06-13,FALSE,
Olive Matuszak,engineeringFrontend,13252 Lighthouse Ave,92234,760-938-6069,olive@aol.com,1966-04-09,FALSE,
Ligia Reiber,frontendWeb,206 Main St #2804,48933,517-906-1108,lreiber@cox.net,1955-07-08,FALSE,
Christiane Eschberger,engineeringIntegration,96541 W Central Blvd,85034,602-390-4944,christiane.eschberger@yahoo.com,1981-10-28,FALSE,
Goldie Schirpke,engineeringIntegration,34 Saint George Ave #2,4401,207-295-7569,goldie.schirpke@yahoo.com,1975-06-28,FALSE,
Loreta Timenez,sales,47857 Coney Island Ave,20735,301-696-6420,loreta.timenez@hotmail.com,1953-06-24,FALSE,
Fabiola Hauenstein,engineeringBackend,8573 Lincoln Blvd,17404,717-809-3119,fabiola.hauenstein@hauenstein.org,1964-01-21,TRUE,
Amie Perigo,engineeringIntegration,596 Santa Maria Ave #7913,75150,972-419-7946,amie.perigo@yahoo.com,1959-09-01,FALSE,
Raina Brachle,frontendIOS,3829 Ventura Blvd,59701,406-318-1515,raina.brachle@brachle.org,1969-02-21,FALSE,
Erinn Canlas,backendAPI,13 S Hacienda Dr,7039,973-767-3008,erinn.canlas@canlas.com,1974-07-04,FALSE,
Cherry Lietz,delivery,40 9th Ave Sw #91,48329,248-980-6904,cherry@lietz.com,1990-08-30,TRUE,
Kattie Vonasek,backendDB,2845 Boulder Crescent St,44103,216-923-3715,kattie@vonasek.org,1960-05-08,FALSE,
Lilli Scriven,sales,33 State St,79601,325-631-1560,lilli@aol.com,1987-05-19,FALSE,
Whitley Tomasulo,backendAPI,2 S 15th St,76107,817-526-4408,whitley.tomasulo@aol.com,1970-05-08,FALSE,
Barbra Adkin,backendDB,4 Kohler Memorial Dr,11230,718-201-3751,badkin@hotmail.com,1957-08-20,FALSE,
Hermila Thyberg,backendDB,1 Rancho Del Mar Shopping C,2903,401-893-4882,hermila_thyberg@hotmail.com,1989-02-25,FALSE,
Jesusita Flister,frontendIOS,3943 N Highland Ave,17601,717-885-9118,jesusita.flister@hotmail.com,1987-07-24,FALSE,
Caitlin Julia,frontendWeb,5 Williams St,2919,401-948-4982,caitlin.julia@julia.org,1990-05-24,TRUE,
Roosevelt Hoffis,frontendWeb,60 Old Dover Rd,33014,305-622-4739,roosevelt.hoffis@aol.com,1960-04-16,TRUE,
Helaine Halter,sales,8 Sheridan Rd,7304,201-832-4168,hhalter@yahoo.com,1965-09-05,FALSE,
Lorean Martabano,engineeringBackend,85092 Southern Blvd,78204,210-856-4979,lorean.martabano@hotmail.com,1963-02-25,FALSE,
France Buzick,engineeringIntegration,64 Newman Springs Rd E,11219,718-478-8504,france.buzick@yahoo.com,1968-06-17,FALSE,
Justine Ferrario,engineeringBackend,48 Stratford Ave,91768,909-993-3242,jferrario@hotmail.com,1957-11-09,FALSE,
Adelina Nabours,engineeringBackend,80 Pittsford Victor Rd #9,44103,216-230-4892,adelina_nabours@gmail.com,1963-03-01,FALSE,
Derick Dhamer,engineeringIntegration,87163 N Main Ave,10013,212-304-4515,ddhamer@cox.net,1985-07-27,FALSE,
Jerry Dallen,sales,393 Lafayette Ave,23219,804-762-9576,jerry.dallen@yahoo.com,1990-01-07,FALSE,
Leota Ragel,frontendIOS,99 5th Ave #33,30753,706-221-4243,leota.ragel@gmail.com,1969-12-16,FALSE,
Jutta Amyot,engineeringFrontend,49 N Mays St,70518,337-515-1438,jamyot@hotmail.com,1959-06-14,FALSE,
Aja Gehrett,backendDB,993 Washington Ave,7110,973-544-2677,aja_gehrett@hotmail.com,1981-10-26,TRUE,
Kirk Herritt,backendAPI,88 15th Ave Ne,13850,607-407-3716,kirk.herritt@aol.com,1985-03-30,TRUE,
Leonora Mauson,engineeringBackend,3381 E 40th Ave,7055,973-412-2995,leonora@yahoo.com,1983-01-25,FALSE,
Winfred Brucato,engineeringIntegration,201 Ridgewood Rd,83843,208-252-4552,winfred_brucato@hotmail.com,1973-12-24,FALSE,
Tarra Nachor,delivery,39 Moccasin Dr,94104,415-411-1775,tarra.nachor@cox.net,1971-07-26,FALSE,
Corinne Loder,frontendIOS,4 Carroll St,2760,508-942-4186,corinne@loder.org,1974-01-22,FALSE,
Dulce Labreche,backendDB,9581 E Arapahoe Rd,48307,248-357-8718,dulce_labreche@yahoo.com,1968-12-23,FALSE,
Kate Keneipp,sales,33 N Michigan Ave,54301,920-353-6377,kate_keneipp@yahoo.com,1984-12-22,TRUE,
Kaitlyn Ogg,frontendWeb,2 S Biscayne Blvd,21230,410-665-4903,kaitlyn.ogg@gmail.com,1957-04-13,FALSE,
Sherita Saras,engineeringFrontend,8 Us Highway 22,80937,719-669-1664,sherita.saras@cox.net,1976-12-18,FALSE,
Lashawnda Stuer,sales,7422 Martin Ave #8,43607,419-588-8719,lstuer@cox.net,1950-12-28,FALSE,
Ernest Syrop,backendAPI,94 Chase Rd,20785,301-998-9644,ernest@cox.net,1961-03-12,FALSE,
Nobuko Halsey,sales,8139 I Hwy 10 #92,2745,508-855-9887,nobuko.halsey@yahoo.com,1988-07-02,FALSE,
Lavonna Wolny,sales,5 Cabot Rd,22102,703-483-1970,lavonna.wolny@hotmail.com,1978-10-28,FALSE,
Lashaunda Lizama,engineeringFrontend,3387 Ryan Dr,21076,410-678-2473,llizama@cox.net,1971-06-24,FALSE,
Mariann Bilden,delivery,3125 Packer Ave #9851,78753,512-223-4791,mariann.bilden@aol.com,1955-09-19,FALSE,
Helene Rodenberger,frontendWeb,347 Chestnut St,85381,623-461-8551,helene@aol.com,1960-06-22,FALSE,
Roselle Estell,backendDB,8116 Mount Vernon Ave,44820,419-571-5920,roselle.estell@hotmail.com,1964-09-26,FALSE,
Samira Heintzman,sales,8772 Old County Rd #5410,98032,206-311-4137,sheintzman@hotmail.com,1957-08-23,FALSE,
Margart Meisel,delivery,868 State St #38,45251,513-617-2362,margart_meisel@yahoo.com,1951-11-16,FALSE,
Kristofer Bennick,engineeringIntegration,772 W River Dr,47404,812-368-1511,kristofer.bennick@yahoo.com,1966-08-09,FALSE,
Weldon Acuff,engineeringFrontend,73 W Barstow Ave,60004,847-353-2156,wacuff@gmail.com,1987-09-07,FALSE,
Shalon Shadrick,engineeringFrontend,61047 Mayfield Ave,11223,718-232-2337,shalon@cox.net,1972-04-25,FALSE,
Denise Patak,backendAPI,2139 Santa Rosa Ave,32801,407-446-4358,denise@patak.org,1969-07-12,FALSE,
Louvenia Beech,engineeringFrontend,598 43rd St,90210,310-820-2117,louvenia.beech@beech.com,1989-06-03,FALSE,
Audry Yaw,engineeringIntegration,70295 Pioneer Ct,33511,813-797-4816,audry.yaw@yaw.org,1990-06-02,TRUE,
Kristel Ehmann,sales,92899 Kalakaua Ave,79925,915-452-1290,kristel.ehmann@aol.com,1972-12-25,FALSE,
Vincenza Zepp,backendDB,395 S 6th St #2,92020,619-603-5125,vzepp@gmail.com,1968-05-02,TRUE,
Elouise Gwalthney,engineeringFrontend,9506 Edgemore Ave,20710,301-841-5012,egwalthney@yahoo.com,1987-09-07,TRUE,
Venita Maillard,engineering,72119 S Walker Ave #63,92801,714-523-6653,venita_maillard@gmail.com,1956-11-15,FALSE,
Kasandra Semidey,backendDB,369 Latham St #500,63102,314-732-9131,kasandra_semidey@semidey.com,1981-01-04,TRUE,
Xochitl Discipio,frontendWeb,3158 Runamuck Pl,78664,512-233-1831,xdiscipio@gmail.com,1967-05-03,FALSE,
Maile Linahan,delivery,9 Plainsboro Rd #598,27409,336-670-2640,mlinahan@yahoo.com,1983-06-02,FALSE,
Krissy Rauser,engineering,8728 S Broad St,11727,631-443-4710,krauser@cox.net,1950-02-01,FALSE,
Pete Dubaldi,backendAPI,2215 Prosperity Dr,7071,201-825-2514,pdubaldi@hotmail.com,1954-04-14,FALSE,
Linn Paa,frontendWeb,1 S Pine St,38112,901-412-4381,linn_paa@paa.com,1961-07-30,FALSE,
Paris Wide,sales,187 Market St,30342,404-505-4445,paris@hotmail.com,1969-02-21,FALSE,
Wynell Dorshorst,delivery,94290 S Buchanan St,94044,650-473-1262,wynell_dorshorst@dorshorst.org,1977-09-06,FALSE,
Quentin Birkner,frontendWeb,7061 N 2nd St,55337,952-702-7993,qbirkner@aol.com,1979-01-01,FALSE,
Regenia Kannady,backendDB,10759 Main St,85260,480-726-1280,regenia.kannady@cox.net,1985-08-29,FALSE,
Sheron Louissant,frontendWeb,97 E 3rd St #9,11101,718-976-8610,sheron@aol.com,1955-07-20,FALSE,
Izetta Funnell,engineeringBackend,82 Winsor St #54,30340,770-844-3447,izetta.funnell@hotmail.com,1981-08-22,TRUE,
Rodolfo Butzen,engineeringBackend,41 Steel Ct,55057,507-210-3510,rodolfo@hotmail.com,1965-06-23,TRUE,
Zona Colla,engineeringIntegration,49440 Dearborn St,6854,203-461-1949,zona@hotmail.com,1978-11-25,TRUE,
Serina Zagen,engineeringIntegration,7 S Beverly Dr,46802,260-273-3725,szagen@aol.com,1957-12-27,FALSE,
Paz Sahagun,backendDB,919 Wall Blvd,39307,601-927-8287,paz_sahagun@cox.net,1962-02-14,FALSE,
Markus Lukasik,engineeringIntegration,89 20th St E #779,48310,586-970-7380,markus@yahoo.com,1972-04-26,TRUE,
Jaclyn Bachman,frontendIOS,721 Interstate 45 S,80919,719-853-3600,jaclyn@aol.com,1965-10-21,FALSE,
Cyril Daufeldt,delivery,3 Lawton St,10013,212-745-8484,cyril_daufeldt@daufeldt.com,1988-09-10,FALSE,
Gayla Schnitzler,engineeringBackend,38 Pleasant Hill Rd,94545,510-686-3407,gschnitzler@gmail.com,1951-02-03,FALSE,
Erick Nievas,sales,45 E Acacia Ct,60624,773-704-9903,erick_nievas@aol.com,1965-02-01,FALSE,
Jennie Drymon,engineeringIntegration,63728 Poway Rd #1,18509,570-218-4831,jennie@cox.net,1987-07-22,FALSE,
Mitsue Scipione,frontendIOS,77 222 Dr,95965,530-986-9272,mscipione@scipione.com,1986-02-18,FALSE,
Ciara Ventura,engineeringFrontend,53 W Carey St,12771,845-823-8877,cventura@yahoo.com,1961-02-28,FALSE,
Galen Cantres,delivery,617 Nw 36th Ave,44142,216-600-6111,galen@yahoo.com,1969-01-27,FALSE,
Truman Feichtner,engineeringFrontend,539 Coldwater Canyon Ave,7003,973-852-2736,tfeichtner@yahoo.com,1970-11-26,FALSE,
Gail Kitty,backendAPI,735 Crawford Dr,99501,907-435-9166,gail@kitty.com,1972-09-03,FALSE,
Dalene Schoeneck,frontendIOS,910 Rahway Ave,19102,215-268-1275,dalene@schoeneck.org,1957-08-09,FALSE,
Gertude Witten,engineeringIntegration,7 Tarrytown Rd,45217,513-977-7043,gertude.witten@gmail.com,1987-09-05,TRUE,
Lizbeth Kohl,delivery,35433 Blake St #588,90248,310-699-1222,lizbeth@yahoo.com,1956-12-29,FALSE,
Glenn Berray,frontendWeb,29 Cherry St #7073,50315,515-370-7348,gberray@gmail.com,1972-12-13,FALSE,
Lashandra Klang,engineeringFrontend,810 N La Brea Ave,19406,610-809-1818,lashandra@yahoo.com,1983-03-25,FALSE,
Lenna Newville,engineeringBackend,987 Main St,27601,919-623-2524,lnewville@newville.com,1990-01-25,TRUE,
Laurel Pagliuca,sales,36 Enterprise St Se,99352,509-695-5199,laurel@yahoo.com,1977-06-02,FALSE,
Mireya Frerking,delivery,8429 Miller Rd,10803,914-868-5965,mireya.frerking@hotmail.com,1957-09-19,FALSE,
Annelle Tagala,frontendWeb,5 W 7th St,21234,410-757-1035,annelle@yahoo.com,1987-06-25,FALSE,
Dean Ketelsen,engineeringBackend,2 Flynn Rd,11801,516-847-4418,dean_ketelsen@gmail.com,1983-05-08,FALSE,
Levi Munis,sales,2094 Ne 36th Ave,1603,508-456-4907,levi.munis@gmail.com,1954-12-23,FALSE,
Sylvie Ryser,sales,649 Tulane Ave,74105,918-644-9555,sylvie@aol.com,1961-09-30,FALSE,
Sharee Maile,engineering,2094 Montour Blvd,49442,231-467-9978,sharee_maile@aol.com,1955-10-02,FALSE,
Cordelia Storment,delivery,393 Hammond Dr,70506,337-566-6001,cordelia_storment@aol.com,1969-07-11,FALSE,
Mollie Mcdoniel,sales,8590 Lake Lizzie Dr,43402,419-975-3182,mollie_mcdoniel@yahoo.com,1968-02-05,FALSE,
Brett Mccullan,engineering,87895 Concord Rd,91942,619-461-9984,brett.mccullan@mccullan.com,1976-08-09,TRUE,
Teddy Pedrozo,engineering,46314 Route 130,6610,203-892-3863,teddy_pedrozo@aol.com,1964-10-20,FALSE,
Tasia Andreason,backendDB,4 Cowesett Ave,7032,201-920-9002,tasia_andreason@yahoo.com,1981-11-27,FALSE,
Hubert Walthall,engineeringIntegration,95 Main Ave #2,44203,330-903-1345,hubert@walthall.org,1975-12-15,FALSE,
Arthur Farrow,frontendWeb,28 S 7th St #2824,7631,201-238-5688,arthur.farrow@yahoo.com,1965-12-23,FALSE,
Vilma Berlanga,frontendWeb,79 S Howell Ave,49546,616-737-3085,vberlanga@berlanga.com,1980-05-12,TRUE,
Billye Miro,engineeringIntegration,36 Lancaster Dr Se,39208,601-567-5386,billye_miro@cox.net,1961-05-07,FALSE,
Glenna Slayton,frontendIOS,2759 Livingston Ave,38118,901-640-9178,glenna_slayton@cox.net,1974-06-23,TRUE,
Mitzie Hudnall,sales,17 Jersey Ave,80110,303-402-1940,mitzie_hudnall@yahoo.com,1976-06-16,FALSE,
Bernardine Rodefer,sales,2 W Grand Ave,38112,901-901-4726,bernardine_rodefer@yahoo.com,1959-07-05,TRUE,
Staci Schmaltz,backendAPI,18 Coronado Ave #563,91106,626-866-2339,staci_schmaltz@aol.com,1954-05-13,FALSE,
Nichelle Meteer,engineeringFrontend,72 Beechwood Ter,60657,773-225-9985,nichelle_meteer@meteer.com,1964-04-19,FALSE,
Janine Rhoden,delivery,92 Broadway,11103,718-228-5894,jrhoden@yahoo.com,1972-03-16,FALSE,
Ettie Hoopengardner,frontendIOS,39 Franklin Ave,99352,509-755-5393,ettie.hoopengardner@hotmail.com,1964-03-18,TRUE,
Eden Jayson,backendAPI,4 Iwaena St,21202,410-890-7866,eden_jayson@yahoo.com,1988-12-13,FALSE,
Lynelle Auber,frontendWeb,32820 Corkwood Rd,7104,973-860-8610,lynelle_auber@gmail.com,1955-02-05,TRUE,
Merissa Tomblin,backendDB,34 Raritan Center Pky,90706,562-579-6900,merissa.tomblin@gmail.com,1971-02-27,FALSE,
Golda Kaniecki,frontendWeb,6201 S Nevada Ave,8755,732-628-9909,golda_kaniecki@yahoo.com,1974-05-30,FALSE,
Catarina Gleich,sales,78 Maryland Dr #146,7834,973-210-3994,catarina_gleich@hotmail.com,1960-09-15,FALSE,
Virgie Kiel,engineeringIntegration,76598 Rd  I 95 #1,80216,303-776-7548,vkiel@hotmail.com,1973-04-03,FALSE,
Jolene Ostolaza,engineeringFrontend,1610 14th St Nw,23608,757-682-7116,jolene@yahoo.com,1978-08-27,FALSE,
Keneth Borgman,engineeringIntegration,86350 Roszel Rd,85012,602-919-4211,keneth@yahoo.com,1965-09-07,FALSE,
Rikki Nayar,frontendIOS,1644 Clove Rd,33155,305-968-9487,rikki@nayar.com,1974-01-15,FALSE,
Elke Sengbusch,frontendIOS,9 W Central Ave,85013,602-896-2993,elke_sengbusch@yahoo.com,1963-12-29,FALSE,
Hoa Sarao,frontendIOS,27846 Lafayette Ave,32759,386-526-7800,hoa@sarao.org,1987-07-28,FALSE,
Trinidad Mcrae,delivery,10276 Brooks St,94105,415-331-9634,trinidad_mcrae@yahoo.com,1971-04-11,FALSE,
Mari Lueckenbach,frontendIOS,1 Century Park E,92110,858-793-9684,mari_lueckenbach@yahoo.com,1955-05-12,FALSE,
Selma Husser,backendAPI,9 State Highway 57 #22,7306,201-991-8369,selma.husser@cox.net,1960-05-26,FALSE,
Antione Onofrio,sales,4 S Washington Ave,92410,909-430-7765,aonofrio@onofrio.com,1971-08-18,FALSE,
Luisa Jurney,engineeringFrontend,25 Se 176th Pl,2138,617-365-2134,ljurney@hotmail.com,1957-01-18,FALSE,
Clorinda Heimann,sales,105 Richmond Valley Rd,92025,760-291-5497,clorinda.heimann@hotmail.com,1979-10-10,FALSE,
Dick Wenzinger,delivery,22 Spruce St #595,90248,310-510-9713,dick@yahoo.com,1962-12-28,FALSE,
Ahmed Angalich,sales,2 W Beverly Blvd,17110,717-528-8996,ahmed.angalich@angalich.com,1977-10-08,FALSE,
Iluminada Ohms,frontendIOS,72 Southern Blvd,85204,480-293-2882,iluminada.ohms@yahoo.com,1973-03-29,TRUE,
Joanna Leinenbach,engineeringIntegration,1 Washington St,33461,561-470-4574,joanna_leinenbach@hotmail.com,1968-06-04,FALSE,
Caprice Suell,sales,90177 N 55th Ave,37211,615-246-1824,caprice@aol.com,1950-12-08,FALSE,
Stephane Myricks,frontendWeb,9 Tower Ave,41005,859-717-7638,stephane_myricks@cox.net,1983-09-01,FALSE,
Quentin Swayze,backendAPI,278 Bayview Ave,48160,734-561-6170,quentin_swayze@yahoo.com,1964-10-04,FALSE,
Annmarie Castros,engineeringBackend,80312 W 32nd St,77301,936-751-7961,annmarie_castros@gmail.com,1965-01-19,FALSE,
Shonda Greenbush,engineering,82 Us Highway 46,7011,973-482-2430,shonda_greenbush@cox.net,1980-06-24,FALSE,
Cecil Lapage,frontendWeb,4 Stovall St #72,7087,201-693-3967,clapage@lapage.com,1975-05-08,TRUE,
Jeanice Claucherty,engineeringIntegration,19 Amboy Ave,33142,305-988-4162,jeanice.claucherty@yahoo.com,1950-12-17,FALSE,
Josphine Villanueva,engineering,63 Smith Ln #8343,38575,931-553-9774,josphine_villanueva@villanueva.com,1984-08-09,FALSE,
Daniel Perruzza,backendAPI,11360 S Halsted St,92705,714-771-3880,dperruzza@perruzza.com,1954-01-15,TRUE,
Cassi Wildfong,engineeringFrontend,26849 Jefferson Hwy,60008,847-633-3216,cassi.wildfong@aol.com,1985-07-09,TRUE,
Britt Galam,backendDB,2500 Pringle Rd Se #508,19440,215-888-3304,britt@galam.org,1979-03-01,TRUE,
Adell Lipkin,sales,65 Mountain View Dr,7981,973-654-1561,adell.lipkin@lipkin.com,1954-08-07,FALSE,
Jacqueline Rowling,sales,1 N San Saba,16501,814-865-8113,jacqueline.rowling@yahoo.com,1985-08-27,FALSE,
Lonny Weglarz,engineeringIntegration,51120 State Route 18,84115,801-293-9853,lonny_weglarz@gmail.com,1974-04-09,FALSE,
Lonna Diestel,sales,1482 College Ave,28301,910-922-3672,lonna_diestel@gmail.com,1988-01-21,FALSE,
Cristal Samara,backendDB,4119 Metropolitan Dr,90021,213-975-8026,cristal@cox.net,1958-04-04,FALSE,
Kenneth Grenet,engineeringIntegration,2167 Sierra Rd,48823,517-499-2322,kenneth.grenet@grenet.org,1987-01-08,FALSE,
Elli Mclaird,frontendIOS,6 Sunrise Ave,13501,315-818-2638,emclaird@mclaird.com,1963-08-14,FALSE,
Alline Jeanty,frontendWeb,55713 Lake City Hwy,46601,574-656-2800,ajeanty@gmail.com,1951-07-09,FALSE,
Sharika Eanes,delivery,75698 N Fiesta Blvd,32806,407-312-1691,sharika.eanes@aol.com,1983-10-17,FALSE,
Nu Mcnease,backendDB,88 Sw 28th Ter,7029,973-751-9003,nu@gmail.com,1967-05-07,FALSE,
Daniela Comnick,engineeringBackend,7 Flowers Rd #403,8611,609-200-8577,dcomnick@cox.net,1961-01-02,TRUE,
Cecilia Colaizzo,engineeringIntegration,4 Nw 12th St #3849,53717,608-382-4541,cecilia_colaizzo@colaizzo.com,1955-12-10,FALSE,
Leslie Threets,sales,2 A Kelley Dr,10536,914-861-9748,leslie@cox.net,1976-06-09,FALSE,
Nan Koppinger,backendDB,88827 Frankford Ave,27401,336-370-5333,nan@koppinger.com,1980-12-02,FALSE,
Izetta Dewar,frontendIOS,2 W Scyene Rd #3,21217,410-473-1708,idewar@dewar.com,1987-03-22,FALSE,
Tegan Arceo,engineeringBackend,62260 Park Stre,8831,732-730-2692,tegan.arceo@arceo.org,1962-06-18,FALSE,
Ruthann Keener,engineeringFrontend,3424 29th St Se,78028,830-258-2769,ruthann@hotmail.com,1959-10-09,FALSE,
Joni Breland,engineering,35 E Main St #43,60007,847-519-5906,joni_breland@cox.net,1950-06-01,FALSE,
Vi Rentfro,engineeringIntegration,7163 W Clark Rd,7728,732-605-4781,vrentfro@cox.net,1950-08-15,FALSE,
Colette Kardas,engineeringFrontend,21575 S Apple Creek Rd,68124,402-896-5943,colette.kardas@yahoo.com,1984-06-27,FALSE,
Malcolm Tromblay,backendDB,747 Leonis Blvd,22003,703-221-5602,malcolm_tromblay@cox.net,1986-06-06,FALSE,
Ryan Harnos,frontendIOS,13 Gunnison St,75075,972-558-1665,ryan@cox.net,1966-07-14,FALSE,
Jess Chaffins,backendAPI,18 3rd Ave,10016,212-510-4633,jess.chaffins@chaffins.org,1967-02-04,FALSE,
Sharen Bourbon,engineering,62 W Austin St,11791,516-816-1541,sbourbon@yahoo.com,1960-03-27,FALSE,
Nickolas Juvera,frontendIOS,177 S Rider Trl #52,34429,352-598-8301,nickolas_juvera@cox.net,1957-09-28,FALSE,
Gary Nunlee,engineering,2 W Mount Royal Ave,46040,317-542-6023,gary_nunlee@nunlee.org,1955-06-26,FALSE,
Diane Devreese,backendDB,1953 Telegraph Rd,64504,816-557-9673,diane@cox.net,1981-02-24,FALSE,
Roslyn Chavous,frontendIOS,63517 Dupont St,39211,601-234-9632,roslyn.chavous@chavous.org,1958-02-15,FALSE,
Glory Schieler,backendDB,5 E Truman Rd,79602,325-869-2649,glory@yahoo.com,1965-11-03,FALSE,
Rasheeda Sayaphon,frontendWeb,251 Park Ave #979,95070,408-805-4309,rasheeda@aol.com,1951-05-21,FALSE,
Alpha Palaia,engineeringIntegration,43496 Commercial Dr #29,8003,856-312-2629,alpha@yahoo.com,1990-04-19,FALSE,
Refugia Jacobos,engineeringBackend,2184 Worth St,94545,510-974-8671,refugia.jacobos@jacobos.com,1967-03-02,TRUE,
Shawnda Yori,engineering,50126 N Plankinton Ave,32750,407-538-5106,shawnda.yori@yahoo.com,1962-08-13,FALSE,
Mona Delasancha,frontendWeb,38773 Gravois Ave,82001,307-403-1488,mdelasancha@hotmail.com,1963-05-09,TRUE,
Gilma Liukko,engineering,16452 Greenwich St,11530,516-393-9967,gilma_liukko@gmail.com,1982-10-01,FALSE,
Janey Gabisi,frontendWeb,40 Cambridge Ave,53715,608-967-7194,jgabisi@hotmail.com,1983-09-28,TRUE,
Lili Paskin,engineeringFrontend,20113 4th Ave E,7032,201-431-2989,lili.paskin@cox.net,1988-01-04,FALSE,
Loren Asar,delivery,6 Ridgewood Center Dr,18518,570-648-3035,loren.asar@aol.com,1983-11-05,FALSE,
Dorothy Chesterfield,backendDB,469 Outwater Ln,92126,858-617-7834,dorothy@cox.net,1974-04-22,FALSE,
Gail Similton,engineeringIntegration,62 Monroe St,92276,760-616-5388,gail_similton@similton.com,1957-03-27,FALSE,
Catalina Tillotson,engineering,3338 A Lockport Pl #6,8402,609-373-3332,catalina@hotmail.com,1958-10-28,FALSE,
Lawrence Lorens,engineeringIntegration,9 Hwy,2906,401-465-6432,lawrence.lorens@hotmail.com,1965-04-02,FALSE,
Carlee Boulter,frontendIOS,8284 Hart St,67410,785-347-1805,carlee.boulter@hotmail.com,1962-11-30,TRUE,
Thaddeus Ankeny,frontendIOS,5 Washington St #1,95678,916-920-3571,tankeny@ankeny.org,1975-12-05,FALSE,
Jovita Oles,sales,8 S Haven St,32114,386-248-4118,joles@gmail.com,1986-12-07,FALSE,
Alesia Hixenbaugh,backendDB,9 Front St,20001,202-646-7516,alesia_hixenbaugh@hixenbaugh.org,1969-03-22,FALSE,
Lai Harabedian,engineeringFrontend,1933 Packer Ave #2,94945,415-423-3294,lai@gmail.com,1961-11-10,FALSE,
Brittni Gillaspie,engineeringFrontend,67 Rv Cent,83709,208-709-1235,bgillaspie@gillaspie.com,1951-05-08,FALSE,
Raylene Kampa,engineeringFrontend,2 Sw Nyberg Rd,46514,574-499-1454,rkampa@kampa.org,1958-07-09,FALSE,
Flo Bookamer,sales,89992 E 15th St,69301,308-726-2182,flo.bookamer@cox.net,1990-04-21,FALSE,
Jani Biddy,frontendIOS,61556 W 20th Ave,98104,206-711-6498,jbiddy@yahoo.com,1982-03-23,FALSE,
Chauncey Motley,engineeringIntegration,63 E Aurora Dr,32804,407-413-4842,chauncey_motley@aol.com,1968-09-19,FALSE,
